Edital,Objeto do Edital,Instituição de fomento,Período de Execução,Título do Projeto,Tipo do Projeto,Área,Coordenador/Orientador,Campus,Forma de Apoio,Nível de Bolsa Ofertada,Número de Bolsas ofertadas,Número de alunos Voluntários ,Valor total em bolsas para o projeto,Valor total em auxílio financeiro para o projeto
Edital nº 61/2021 - Auxílio à Coordenação de Pesquisa,Conceder bolsas a estudantes do IFC para colaborarem com as respectivas coordenações em ações de Pesquisa e Inovação.,PROPI/IFC,01/03/2022 a 31/12/2022,Auxílio à Coordenação de Pesquisa do Campus Avançado Campus Campus Abelardo Luz ,Pesquisa,Interdisciplinar,JANAINA MUNIZ PICOLO,Campus Abelardo Luz,Bolsa para estudante,Ensino Superior,1,0,4000,0
Edital nº 61/2021 - Auxílio à Coordenação de Pesquisa,Conceder bolsas a estudantes do IFC para colaborarem com as respectivas coordenações em ações de Pesquisa e Inovação.,PROPI/IFC,01/03/2022 a 31/12/2022,MAPEAMENTO E ANÁLISE DE PROJETOS DE PESQUISA E INOVAÇÃO REALIZADAS NO IFC - CAMPUS ARAQUARI EM 2022 ,Pesquisa,Interdisciplinar,FABIANA MOREIRA ,Campus Araquari,Bolsa para estudante,Ensino Superior,1,0,4000,0
Edital nº 61/2021 - Auxílio à Coordenação de Pesquisa,Conceder bolsas a estudantes do IFC para colaborarem com as respectivas coordenações em ações de Pesquisa e Inovação.,PROPI/IFC,01/03/2022 a 31/12/2022,Concessão de bolsa para auxílio à Coordenação de Pesquisa do IFC Campus Brusque 2022 ,Pesquisa,Interdisciplinar,TIAGO RAFAEL DE ALMEIDA ALVES ,Campus Brusque,Bolsa para estudante,Ensino Médio,1,0,2000,0
Edital nº 61/2021 - Auxílio à Coordenação de Pesquisa,Conceder bolsas a estudantes do IFC para colaborarem com as respectivas coordenações em ações de Pesquisa e Inovação.,PROPI/IFC,01/03/2022 a 31/12/2022,Bolsista para a Coordenação de Pesquisa e Inovação - Campus Camboriú ,Pesquisa,Interdisciplinar,ANGELO AUGUSTO FROZZA ,Campus Camboriú,Bolsa para estudante,Ensino Superior,1,0,4000,0
Edital nº 61/2021 - Auxílio à Coordenação de Pesquisa,Conceder bolsas a estudantes do IFC para colaborarem com as respectivas coordenações em ações de Pesquisa e Inovação.,PROPI/IFC,01/03/2022 a 31/12/2022,'Proposta de colaboração à coordenação de pesquisa, pós-graduação e inovação (CPPI) do campus Concórdia ',Pesquisa,Interdisciplinar,DIOGENES DEZEN ,Campus Concórdia,Bolsa para estudante,Ensino Superior,1,0,4000,0
Edital nº 61/2021 - Auxílio à Coordenação de Pesquisa,Conceder bolsas a estudantes do IFC para colaborarem com as respectivas coordenações em ações de Pesquisa e Inovação.,PROPI/IFC,01/03/2022 a 31/12/2022,CONCESSÃO DE BOLSA PARA AUXÍLIO A COORDENAÇÃO DE PESQUISA DO CAMPUS IFC FRAIBURGO ,Pesquisa,Interdisciplinar,ANDRE TORELI SALATINO ,Campus Fraiburgo,Bolsa para estudante,Ensino Médio,1,0,2000,0
Edital nº 61/2021 - Auxílio à Coordenação de Pesquisa,Conceder bolsas a estudantes do IFC para colaborarem com as respectivas coordenações em ações de Pesquisa e Inovação.,PROPI/IFC,01/03/2022 a 31/12/2022,Apoio à Coordenação de Pesquisa do IFC - Campus Ibirama - 2022 ,Pesquisa,Interdisciplinar,GABRIEL MURILO RIBEIRO GONINO ,Campus Ibirama,Bolsa para estudante,Ensino Médio,1,0,2000,0
Edital nº 61/2021 - Auxílio à Coordenação de Pesquisa,Conceder bolsas a estudantes do IFC para colaborarem com as respectivas coordenações em ações de Pesquisa e Inovação.,PROPI/IFC,01/03/2022 a 31/12/2022,Pesquisa Científica e Inovação Tecnológica no Campus Luzerna ,Pesquisa,Interdisciplinar,MONIA STREMEL AZEVEDO,Campus Luzerna,Bolsa para estudante,Ensino Superior,1,0,4000,0
Edital nº 61/2021 - Auxílio à Coordenação de Pesquisa,Conceder bolsas a estudantes do IFC para colaborarem com as respectivas coordenações em ações de Pesquisa e Inovação.,PROPI/IFC,01/03/2022 a 31/12/2022,Bolsa auxílio para a Coordenação de Pesquisa do IFC - Campus Rio do Sul ,Pesquisa,Interdisciplinar,ELLENISE BICALHO,Campus Rio do Sul,Bolsa para estudante,Ensino Superior,1,0,4000,0
Edital nº 61/2021 - Auxílio à Coordenação de Pesquisa,Conceder bolsas a estudantes do IFC para colaborarem com as respectivas coordenações em ações de Pesquisa e Inovação.,PROPI/IFC,01/03/2022 a 31/12/2022,Concessão de bolsa para auxílio à Coordenação de Pesquisa e Inovação – Campus Santa Rosa do Sul,Pesquisa,Interdisciplinar,ELIETE DE FATIMA FERREIRA DA ROSA ,Campus Santa Rosa do Sul,Bolsa para estudante,Ensino Superior,1,0,4000,0
Edital nº 61/2021 - Auxílio à Coordenação de Pesquisa,Conceder bolsas a estudantes do IFC para colaborarem com as respectivas coordenações em ações de Pesquisa e Inovação.,PROPI/IFC,01/03/2022 a 31/12/2022,Concessão de bolsa para auxílio na coordenação de pesquisa do Campus São Bento do Sul - 2022 ,Pesquisa,Interdisciplinar,HENRIQUE VALADAO DE OLIVEIRA ,Campus São Bento do Sul,Bolsa para estudante,Ensino Superior,1,0,4000,0
Edital nº 61/2021 - Auxílio à Coordenação de Pesquisa,Conceder bolsas a estudantes do IFC para colaborarem com as respectivas coordenações em ações de Pesquisa e Inovação.,PROPI/IFC,01/03/2022 a 31/12/2022,Auxílio à Coordenação de Pesquisa e Inovação do Campus São Francisco do Sul ,Pesquisa,Interdisciplinar,DIOGO AMARAL DE MAGALHÃES,Campus São Francisco do Sul,Bolsa para estudante,Ensino Médio,1,0,2000,0
Edital nº 61/2021 - Auxílio à Coordenação de Pesquisa,Conceder bolsas a estudantes do IFC para colaborarem com as respectivas coordenações em ações de Pesquisa e Inovação.,PROPI/IFC,01/03/2022 a 31/12/2022,'Auxílio na Coordenação de Pesquisa, Pós- Graduação e Inovação do IFC Campus Avançado Sombrio',Pesquisa,Interdisciplinar,MIRIAN ROCHO DA ROSA SILVEIRA,Campus Sombrio,Bolsa para estudante,Ensino Superior,1,0,4000,0
Edital nº 61/2021 - Auxílio à Coordenação de Pesquisa,Conceder bolsas a estudantes do IFC para colaborarem com as respectivas coordenações em ações de Pesquisa e Inovação.,PROPI/IFC,01/03/2022 a 31/12/2022,Auxílio a Coordenação de Pesquisa do IFC campus Videira ,Pesquisa,Interdisciplinar,GILSON RIBEIRO NACHTIGALL ,Campus Videira,Bolsa para estudante,Ensino Superior,1,0,4000,0
Edital nº 80/2021 - Apoio a projetos voltados para a inovação “O meu primeiro invento”,'Os projetos tem como foco a pesquisa aplicada em desenvolvimento e inovação, visando a solução de problemas motivados pela sociedade',NIT/IFC,01/03/2022 a 01/12/2022,Prototipagem de sabonete funcional,Pesquisa e Inovação,Ciências da Saúde/Subárea: Farmacotecnia,MÁRIO LETTIERI TEIXEIRA,Campus Concórdia,Bolsa para estudante e Auxílio Financeiro para custeio,Ensino Superior,5,0,20000,10000
Edital nº 80/2021 - Apoio a projetos voltados para a inovação “O meu primeiro invento”,'Os projetos tem como foco a pesquisa aplicada em desenvolvimento e inovação, visando a solução de problemas motivados pela sociedade',NIT/IFC,01/03/2022 a 01/12/2022,Protótipo de suporte para produção de hortaliças integradas em bioflocos,Pesquisa e Inovação,Ciências Agrárias/Subárea: Piscicultura,ADOLFO JATOBÁ,Campus Araquari,Bolsa para estudante e Auxílio Financeiro para custeio,Ensino Superior,2,0,8000,10000
Edital nº 82/2021 -Apoio a projetos voltados para a inovação com demanda induzida,Desenvolvimento de projetos com demanda induzida. Transferência de tecnologia,NIT/IFC,01/03/2022 a 01/12/2022,IFire: sistema de gerenciamentopara corporações de bombeirosvoluntários.,Pesquisa e Inovação,Ciências Extas e da Terra/Subárea: Ciência da Computação,GABRIEL MURILO RIBEIRO GONINO,Campus Ibirama,Bolsa para estudante e Auxílio Financeiro para custeio,Ensino Médio,2,0,6000,5000
Edital nº 82/2021 - Apoio a projetos voltados para a inovação com demanda induzida,Desenvolvimento de projetos com demanda induzida. Transferência de tecnologia,NIT/IFC,01/03/2022 a 01/12/2022,Investigação daspotencialidades de extratosbotânicos como opçõesterapêuticas para enfrentamentoda "tempestade de citocinas" daCOVID- 19 e quadrosinflamatórios em modeloexperimental in vivo utilizandoleitões recém-desmamados.,Pesquisa e Inovação,Ciências Agrárias/subárea: Medicina Veterinária/Farmocologia e Teraupetica Animal,AMANDA CHAABAN,Campus Araquari,Bolsa para estudante e Auxílio Financeiro para custeio,Ensino Médio,3,0,10000,5000
Edital nº 82/2021 - Apoio a projetos voltados para a inovação com demanda induzida,Desenvolvimento de projetos com demanda induzida. Transferência de tecnologia,NIT/IFC,01/03/2022 a 01/12/2022,Prototipagem de creme dérmicohidratante.,Pesquisa e Inovação,Ciências da Saúde/Subárea:Farmácia/Farmacotecnia,MÁRIO LETTIERI TEIXEIRA,Campus Concórdia,Bolsa para estudante e Auxílio Financeiro para custeio,Ensino Superior,1,0,4000,5000
Edital nº 82/2021 - Apoio a projetos voltados para a inovação com demanda induzida,Desenvolvimento de projetos com demanda induzida. Transferência de tecnologia,NIT/IFC,01/03/2022 a 01/12/2022,Desenvolvimento do processode nitretação e pós oxidação aplasma do aço para trabalho aquente AISI H13 atendendo ademanda do arranjo produtivolocal,Pesquisa e Inovação,Engenharias/Subárea: Metalúrgica Física,MÁRIO WOLFART JR,Campus Luzerna,Bolsa para estudante e Auxílio Financeiro para custeio,Ensino Superior,1,0,3600,5000
Edital nº 82/2021 - Apoio a projetos voltados para a inovação com demanda induzida,Desenvolvimento de projetos com demanda induzida. Transferência de tecnologia,NIT/IFC,01/03/2022 a 01/12/2022,Desenvolvimento de anestésico para utilização em peixes,Pesquisa e Inovação,Ciências Agrárias/Subárea:Recursos Pesqueiros e Engenharia de Pesca/Aquicultura,ROBILSON WEBER,Campus Araquari,Bolsa para estudante e Auxílio Financeiro para custeio,Ensino Superior,1,1,4000,5000
Edital nº 82/2021 - Apoio a projetos voltados para a inovação com demanda induzida,Desenvolvimento de projetos com demanda induzida. Transferência de tecnologia,NIT/IFC,01/03/2022 a 01/12/2022,Quantificação de camarõesmarinhos no tanque por análisede material vestigial (eDNA).,Pesquisa e Inovação,Ciências Agrárias/Subárea:Recursos Pesqueiros e Engenharia de Pesca/Aquicultura,DELANO DIAS SCHLEDER,Campus Araquari,Bolsa para estudante e Auxílio Financeiro para custeio,Mestrado,1,0,9000,5000
Edital nº 84/2021 - Edital nº 82/2021 - Apoio a projetos voltados para a inovação com demanda induzida vom MPEs.,'Os projetos tem como foco a pesquisa aplicada, desenvolvimento e inovação,visando a solução de problemas motivadas por demandas de Micro e Pequenas empresas. ',NIT/IFC,01/03/2022 a 01/12/2022,Nitretação a plasma do aço ferramenta AISI H13 aplicada no Arranjo Produtivo Local voltado para inovaçãocom a pequena empresa INDUCAL.,Pesquisa e Inovação,Engenharias/Subárea: Metalúrgica Física,MÁRIO WOLFART JR,Campus Luzerna,Bolsa para estudante e Auxílio Financeiro para custeio,Ensino Superior,1,0,3600,5000
Edital nº 84/2021 - Edital nº 82/2021 - Apoio a projetos voltados para a inovação com demanda induzida vom MPEs.,'Os projetos tem como foco a pesquisa aplicada, desenvolvimento e inovação,visando a solução de problemas motivadas por demandas de Micro e Pequenas empresas. ',NIT/IFC,01/03/2022 a 01/12/2022,Prototipagem de creme dérmico hidratante.,Pesquisa e Inovação,Ciências da Saúde/ Subárea: Farmácia/Farmacotecnia,MÁRIO LETTIERI TEIXEIRA,Campus Concórdia,Bolsa para estudante e Auxílio Financeiro para custeio,Ensino Superior,1,0,4000,5000
Edital nº 84/2021 - Edital nº 82/2021 - Apoio a projetos voltados para a inovação com demanda induzida vom MPEs.,'Os projetos tem como foco a pesquisa aplicada, desenvolvimento e inovação,visando a solução de problemas motivadas por demandas de Micro e Pequenas empresas. ',NIT/IFC,01/03/2022 a 01/12/2022,Atividade antibacteriana de óleos essenciais e seu efeito sinérgico com antibiótico sobre patógenos de peixe.,Pesquisa e Inovação,Area: Recursos Pesqueiros/:Subárea:Psicultura,JAQUELINE INES ALVES DE ANDRADE,Campus Araquari,Bolsa para estudante e Auxílio Financeiro para custeio,Ensino Superior,2,0,8000,5000
Edital nº 84/2021 - Edital nº 82/2021 - Apoio a projetos voltados para a inovação com demanda induzida vom MPEs.,'Os projetos tem como foco a pesquisa aplicada, desenvolvimento e inovação,visando a solução de problemas motivadas por demandas de Micro e Pequenas empresas. ',NIT/IFC,01/03/2022 a 01/12/2022,'Sistema integrado de plantas medicinais na Produção e Bem-Estar Animal: Avaliação de espécies botânicas.preconizadas pelo SUS em modelo experimental in vivo, utilizando leitões recém desmamados.',Pesquisa e Inovação,Ciências Agrárias/Medicina Veterinária/subárea:Farmocologia e Teraupetica Animal.,AMANDA CHAABAN,Campus Araquari,Bolsa para estudante e Auxílio Financeiro para custeio,Ensino Superior,3,0,10000,4972
Edital nº 84/2021 - Edital nº 82/2021 - Apoio a projetos voltados para a inovação com demanda induzida vom MPEs.,'Os projetos tem como foco a pesquisa aplicada, desenvolvimento e inovação,visando a solução de problemas motivadas por demandas de Micro e Pequenas empresas. ',NIT/IFC,01/03/2022 a 01/12/2022,Desenvolvimento de escovador automático para bovinos de corte.,Pesquisa e Inovação,Ciências Agrárias/subárea:Zootecnia,CARLOS EDUARDO NOGUEIRA MARTINS,Campus Araquari,Bolsa para estudante e Auxílio Financeiro para custeio,Ensino Superior,2,0,8000,5000
Edital nº 84/2021 - Edital nº 82/2021 - Apoio a projetos voltados para a inovação com demanda induzida vom MPEs.,'Os projetos tem como foco a pesquisa aplicada, desenvolvimento e inovação,visando a solução de problemas motivadas por demandas de Micro e Pequenas empresas. ',NIT/IFC,01/03/2022 a 01/12/2022,História Social Musical.,Pesquisa e Inovação,Linguística/Letras e Artes/Subárea: Artes,GIOVANI FELIPE,Campus Sombrio,Bolsa para estudante e Auxílio Financeiro para custeio,Ensino Médio,4,0,8000,5000
Edital nº 86/2021 - Edital de Pesquisa para estudantes de Ações Afirmativas - EPAF,'Seleção de de projetos de pesquisapara a concessão de bolsas de Iniciação Científica para estudantes de Ações Afirmativas do IFC a alunos regularmente matriculados nos cursos de graduação ou do ensino médio do IFC, tenham ingressado no Ensino Superior ou Técnico por meio das ações afirmativas',PROPI/IFC,01/03/2022 a 30/11/2022,'Potencialidades do uso de extratos botânicos de plantas listadas no Renisus, como opção terapêutica para leitões recém desmamados',Pesquisa,Medicina Veterinária,Amanda Chaaban,Campus Araquari,Bolsa para estudante,Ensino Superior,2,0,5400,0
Edital nº 86/2021 - Edital de Pesquisa para estudantes de Ações Afirmativas - EPAF,'Seleção de de projetos de pesquisapara a concessão de bolsas de Iniciação Científica para estudantes de Ações Afirmativas do IFC a alunos regularmente matriculados nos cursos de graduação ou do ensino médio do IFC, tenham ingressado no Ensino Superior ou Técnico por meio das ações afirmativas',PROPI/IFC,01/03/2022 a 30/11/2022,A contrarreforma do Ensino Médio em Santa Catarina: impactos na formação dos professores e das juventudes,Pesquisa,Ciências Humanas,FILOMENA LUCIA GOSSLER RODRIGUES DA SILVA,Campus Camboriú,Bolsa para estudante,Ensino Superior,1,0,3600,0
Edital nº 86/2021 - Edital de Pesquisa para estudantes de Ações Afirmativas - EPAF,'Seleção de de projetos de pesquisapara a concessão de bolsas de Iniciação Científica para estudantes de Ações Afirmativas do IFC a alunos regularmente matriculados nos cursos de graduação ou do ensino médio do IFC, tenham ingressado no Ensino Superior ou Técnico por meio das ações afirmativas',PROPI/IFC,01/03/2022 a 30/11/2022,Efeito inseticida do óleo essencial de diferentes espécies de Baccharis sp. (Asteraceae) em Sitophilus oryzae L. (Coleoptera: Curculionidae),Pesquisa,Ciências Agrárias,CARLOS EDUARDO NOGUEIRA MARTINS,Campus Araquari,Bolsa para estudante,Ensino Superior,2,0,5400,0
Edital nº 86/2021 - Edital de Pesquisa para estudantes de Ações Afirmativas - EPAF,'Seleção de de projetos de pesquisapara a concessão de bolsas de Iniciação Científica para estudantes de Ações Afirmativas do IFC a alunos regularmente matriculados nos cursos de graduação ou do ensino médio do IFC, tenham ingressado no Ensino Superior ou Técnico por meio das ações afirmativas',PROPI/IFC,01/03/2022 a 30/11/2022,A produção de conhecimento científico no Curso Superior de Tecnologia em Gestão de Turismo no Campus Avançado Sombrio – IFC: análise dos trabalhos de conclusão de curso em seus 10 anos de história,Pesquisa,Ciências Sociais Aplicadas,ANDERSON SARTORI,Campus Sombrio,Bolsa para estudante,Ensino Médio,1,0,1800,0
Edital nº 86/2021 - Edital de Pesquisa para estudantes de Ações Afirmativas - EPAF,'Seleção de de projetos de pesquisapara a concessão de bolsas de Iniciação Científica para estudantes de Ações Afirmativas do IFC a alunos regularmente matriculados nos cursos de graduação ou do ensino médio do IFC, tenham ingressado no Ensino Superior ou Técnico por meio das ações afirmativas',PROPI/IFC,01/03/2022 a 30/11/2022,Educação das Relações Étnico-Raciais: cultura e história indígena em sala de aula,Pesquisa,'Observatório social: culturas, linguagens e subjetividades',AMALIA CARDONA LEITES,Campus Ibirama,Bolsa para estudante,Ensino Médio,1,0,1800,0
Edital nº 86/2021 - Edital de Pesquisa para estudantes de Ações Afirmativas - EPAF,'Seleção de de projetos de pesquisapara a concessão de bolsas de Iniciação Científica para estudantes de Ações Afirmativas do IFC a alunos regularmente matriculados nos cursos de graduação ou do ensino médio do IFC, tenham ingressado no Ensino Superior ou Técnico por meio das ações afirmativas',PROPI/IFC,01/03/2022 a 30/11/2022,Casuística das afecções oculares associadas ao Herpesvírus felino tipo 1 na grande Florianópolis.,Pesquisa,Ciências Agrárias,ERIANE DE LIMA CAMINOTTO,Campus Araquari,Bolsa para estudante,Ensino Superior,1,0,3600,0
Edital 090/2021 - Apoio a projetos de prototipagem e transferência d e tecnologias,Foco na prototipagem e transferência de tecnologia.,NIT/IFC,01/03/2022 a 01/12/2022,Prototipagem de fertilizante Mineral,Pesquisa e Inovação,Ciências Agrárias/subárea:Agronomia,MÁRIO LETTIERI TEIXEIRA,Campus Concórdia,Bolsa para estudante e Auxílio Financeiro para custeio,Ensino Superior,1,0,4000,10000
Edital 090/2021 - - Apoio a projetos de prototipagem e transferência d e tecnologias,Foco na prototipagem e transferência de tecnologia.,NIT/IFC,01/03/2022 a 01/12/2022,Desenvolvimento de protótipo de alta fidelidade na anatomia veterinária : Sistema interativo de sustentação de esqueleto de cabeça e pescoço equino,Pesquisa e Inovação,Ciências Agrárias/subárea: Medicina Veterinária,BETHANIA DA ROCHA MEDEIROS,Campus Araquari,Bolsa para estudante e Auxílio Financeiro para custeio,Ensino Superior,2,0,5000,10000
Edital de demanda permanente - Campus Campus Campus Abelardo Luz,'Cadastrar as atividades de pesquisa e inovação, promovendo a indissociabilidade das atividades de ensino, pesquisa e extensão',Sem fomento,07/03/2022 a 22/12/2022,Inclusão da criança com deficiência na escola,Pesquisa,Educação - Educação Especial,Luciana Carlos Geroleti,Campus Abelardo Luz,Não se aplica,Não se aplica,0,12,0,0
Edital de demanda permanente - Campus Campus Campus Abelardo Luz,'Cadastrar as atividades de pesquisa e inovação, promovendo a indissociabilidade das atividades de ensino, pesquisa e extensão',Sem fomento,01/03/2022 a 31/12/2022,Educação Indígena: investigando saberes e práticas educativas,Pesquisa,Antropologia - Educação Indígena,Luciana Carlos Geroleti,Campus Abelardo Luz,Não se aplica,Não se aplica,0,2,0,0
Edital nº 05/2022 – Campus Abelardo Luz,Seleção interna de projetos de pesquisa e composição de cadastro reserva,Campus Abelardo Luz,15/07/2022 a 15/12/2022,Escola Itinerante Herdeiros do Saber e a Educação do Campo: aspectos organizativos,Pesquisa,Educação - Planejamento e Avaliação Educacional,Camila Munarini,Campus Abelardo Luz,Bolsa para estudante,Ensino Superior,1,0,2400,0
Edital nº 05/2022 – Campus Abelardo Luz,Seleção interna de projetos de pesquisa e composição de cadastro reserva,Campus Abelardo Luz,15/07/2022 a 15/12/2022,'APTIDÃO FÍSICA: Estratégias de monitoramento, intervenção na saúde e desempenho físico dos alunos do IFC-Campus Campus Abelardo Luz.',Pesquisa,Educação Física - Treinamento físico,Bruno Prestes Gomes,Campus Abelardo Luz,Bolsa para estudante,Ensino Médio,1,1,1200,0
Edital nº 12/2021 – Campus Araquari,'Seleção interna de projetos de pesquisa, com o fim de compor cadastro reserva, para apoio com bolsas de iniciação científica',Campus Araquari,01/03/2022 a 30/11/2022,Isolamento de bacteriófagos líticos de bactérias patogênicas associadas com mastite caprina,Pesquisa,Ciências Ambientais,André Luis Fachini de Souza,Campus Araquari,Bolsa para estudante,Ensino Superior,1,0,3600,0
Edital nº 12/2021 – Campus Araquari,'Seleção interna de projetos de pesquisa, com o fim de compor cadastro reserva, para apoio com bolsas de iniciação científica',Campus Araquari,01/03/2022 a 30/11/2022,Uso de Gonadotrofina Coriônica Humana (hCG) para o controle do intervalo entre estros em leitoas,Pesquisa,Medicina Veterinária / Reprodução Animal,Ivan Bianchi,Campus Araquari,Bolsa para estudante,Ensino Superior,1,2,3600,0
Edital nº 12/2021 – Campus Araquari,'Seleção interna de projetos de pesquisa, com o fim de compor cadastro reserva, para apoio com bolsas de iniciação científica',Campus Araquari,01/03/2022 a 30/11/2022,Hipocalcemia em ovinos no periparto,Pesquisa,Medicina Veterinária / Clínica e Cirurgia Animal,Elizabeth Schwegler,Campus Araquari,Bolsa para estudante,Ensino Superior,1,1,3600,0
Edital nº 12/2021 – Campus Araquari,'Seleção interna de projetos de pesquisa, com o fim de compor cadastro reserva, para apoio com bolsas de iniciação científica',Campus Araquari,01/03/2022 a 30/11/2022,'Tempo de estocagem de ovos, idade de postura e linhagem de matrizes pesadas sobre os parâmetros zootécnicos do frango',Pesquisa,Zootecnia / Produção Animal,Vanessa Peripolli,Campus Araquari,Bolsa para estudante,Ensino Superior,1,1,3600,0
Edital nº 12/2021 – Campus Araquari,'Seleção interna de projetos de pesquisa, com o fim de compor cadastro reserva, para apoio com bolsas de iniciação científica',Campus Araquari,01/03/2022 a 30/11/2022,Desenvolvimento de aplicativo para avaliar a aptidão dos futuros Médicos Veterinários na área de alimentos.,Pesquisa,Medicina Veterinária / Inspeção de Produtos de Origem Animal,Eriane de Lima Caminotto,Campus Araquari,Bolsa para estudante,Ensino Superior,1,0,3600,0
Edital nº 12/2021 – Campus Araquari,'Seleção interna de projetos de pesquisa, com o fim de compor cadastro reserva, para apoio com bolsas de iniciação científica',Campus Araquari,01/03/2022 a 30/11/2022,Efeito inseticida do óleo essencial de diferentes espécies de Baccharis sp. (Asteraceae) em Lucílía cuprina Wied. (Dir)tera: Calliphoridae),Pesquisa,Medicina Veterinária / Medicina Veterinária Preventiva,Carlos Eduardo Nogueira Martins,Campus Araquari,Bolsa para estudante,Ensino Superior,1,4,3600,0
Edital nº 12/2021 – Campus Araquari,'Seleção interna de projetos de pesquisa, com o fim de compor cadastro reserva, para apoio com bolsas de iniciação científica',Campus Araquari,01/03/2022 a 30/11/2022,Efeito da idade de matriz sobre o desempenho zootécnico de frangos e sua relação no desenvolvimento de artrites infecciosas por reovírus,Pesquisa,Medicina Veterinária / Medicina Veterinária Preventiva,Fabiana Moreira,Campus Araquari,Bolsa para estudante,Ensino Superior,1,1,3600,0
Edital nº 12/2021 – Campus Araquari,'Seleção interna de projetos de pesquisa, com o fim de compor cadastro reserva, para apoio com bolsas de iniciação científica',Campus Araquari,01/03/2022 a 30/11/2022,Avaliação de cultivares de arroz quanto à tolerância ao estresse salino na fase vegetativa,Pesquisa,Agronomia / Fitotecnia,Daniel da Rosa Farias,Campus Araquari,Bolsa para estudante,Ensino Superior,1,1,3600,0
Edital nº 15/2021 – Campus Araquari,'Cadastrar, validar e registrar os Projetos de Pesquisa e
Inovação, na modalidade de Demanda Permanente, com Estudante Voluntário e/ou com
envolvimento dos alunos em atividades de iniciação científica e tecnológica, a serem
desenvolvidos nos campi do IFC no ano letivo de 2021',Sem fomento,01/10/2021 a 31/03/2022,Associação de doses de fósforo e solubilizador de fosfato no desempenho produtivo do feijoeiro ,Pesquisa,Agronomia / Ciência do solo,Neiva Mara Batista Vieira,Campus Araquari,Não se aplica,Não se aplica,0,2,0,0
Edital nº 15/2021 – Campus Araquari,'Cadastrar, validar e registrar os Projetos de Pesquisa e
Inovação, na modalidade de Demanda Permanente, com Estudante Voluntário e/ou com
envolvimento dos alunos em atividades de iniciação científica e tecnológica, a serem
desenvolvidos nos campi do IFC no ano letivo de 2021',Sem fomento,01/10/2021 a 31/05/2022,A Estatística como Ferramenta Tecnológica para a Interpretação de Dados Ambientais,Pesquisa,Probabilidade e Estatística / Probabilidade e Estatística Aplicadas,Deivisson Ferreira da Silva,Campus Araquari,Não se aplica,Não se aplica,0,1,0,0
Edital nº 9/2021 – Campus Blumenau,Projetos de pesquisa em demanda permanente,Sem fomento,9 meses,Estudo de viabilidade para o desenvolvimento de um controlador lógico programável com menor custo,pesquisa,Engenharias,Alessandro Braatz,Campus Blumenau,Não se aplica,Não se aplica,0,8,0,0
Edital Unificado nº 03/2022 – Campus Brusque,'Fomentar e apoiar o desenvolvimento de projetos de pesquisa, extensão, ensino, monitorias, integrados e de ação social, com a finalidade de fortalecer a articulação entre teoria e prática, a formação omnilateral e a integração curricular em seus diferentes aspectos.',Campus Brusque,01/05/2022 a 31/12/2022,História da Educação de Santa Catarina (1738-1822),Pesquisa,'Área: História
Subárea: História do Brasil ',Gilian Evaristo França Silva,Campus Brusque,Bolsa para estudante,Ensino Superior,2,0,6400,0
Edital Unificado nº 03/2022 – Campus Brusque,'Fomentar e apoiar o desenvolvimento de projetos de pesquisa, extensão, ensino, monitorias, integrados e de ação social, com a finalidade de fortalecer a articulação entre teoria e prática, a formação omnilateral e a integração curricular em seus diferentes aspectos.',Campus Brusque,01/05/2022 a 31/12/2022,'Análise antimicrobiana do lúpulo (Humulus
lupulus) em mosto cervejeiro',Pesquisa,'Área: Microbiologia
Subárea: Microbiologia aplicada ',Tatiane Sueli Coutinho,Campus Brusque,Bolsa para estudante,Ensino Médio,2,3,3200,0
Edital Unificado nº 03/2022 – Campus Brusque,'Fomentar e apoiar o desenvolvimento de projetos de pesquisa, extensão, ensino, monitorias, integrados e de ação social, com a finalidade de fortalecer a articulação entre teoria e prática, a formação omnilateral e a integração curricular em seus diferentes aspectos.',Campus Brusque,01/05/2022 a 31/12/2022,'Cerveja probiótica: uma inovação para o
mercado cervejeiro',Pesquisa,'Área: Microbiologia
Subárea: Microbiologia aplicada ',Tatiane Sueli Coutinho,Campus Brusque,Bolsa para estudante,Ensino Médio,2,3,3200,0
Edital Unificado nº 03/2022 – Campus Brusque,'Fomentar e apoiar o desenvolvimento de projetos de pesquisa, extensão, ensino, monitorias, integrados e de ação social, com a finalidade de fortalecer a articulação entre teoria e prática, a formação omnilateral e a integração curricular em seus diferentes aspectos.',Campus Brusque,01/05/2022 a 31/12/2022,Religiões e religiosidade em Brusque: um olhar sobre a influência europeia no contexto religioso de Brusque e suas imbricações no desenvolvimento do capitalismo na cidade.,Pesquisa,'Área: História do Brasil
Subárea: História Regional do Brasil ',Paulo Roberto de Souza,Campus Brusque,Bolsa para estudante,Ensino Médio,1,1,1600,0
Edital Unificado nº 03/2022 – Campus Brusque,'Fomentar e apoiar o desenvolvimento de projetos de pesquisa, extensão, ensino, monitorias, integrados e de ação social, com a finalidade de fortalecer a articulação entre teoria e prática, a formação omnilateral e a integração curricular em seus diferentes aspectos.',Campus Brusque,01/05/2022 a 31/12/2022,'Habita IFC: clube de arte / O que pode a arte? Uma pesquisa artística sobre cidade, espaço e habitação',Pesquisa,'Área: Artes
Subárea: Música ',Daniel Zanella dos Santos,Campus Brusque,Bolsa para estudante,Ensino Médio,1,0,1600,0
Edital Unificado nº 03/2022 – Campus Brusque,'Fomentar e apoiar o desenvolvimento de projetos de pesquisa, extensão, ensino, monitorias, integrados e de ação social, com a finalidade de fortalecer a articulação entre teoria e prática, a formação omnilateral e a integração curricular em seus diferentes aspectos.',Campus Brusque,01/05/2022 a 31/12/2022,'Análise antimicrobiana de extratos obtidos a
partir de Cuphea carthagenensis',Pesquisa,'Área: Microbiologia
Subárea: Microbiologia aplicada ',Agnes Thiane Pereira Machado,Campus Brusque,Bolsa para estudante,Ensino Médio,1,4,1600,0
Edital Unificado nº 03/2022 – Campus Brusque,'Fomentar e apoiar o desenvolvimento de projetos de pesquisa, extensão, ensino, monitorias, integrados e de ação social, com a finalidade de fortalecer a articulação entre teoria e prática, a formação omnilateral e a integração curricular em seus diferentes aspectos.',Campus Brusque,01/05/2022 a 31/12/2022,'O DESENVOLVIMENTO DA ESPONTANEIDADE NOS ESTUDANTES
DO CLUBE DE TEATRO DO IFC CAMPUS BRUSQUE',Pesquisa,'Área: Artes
Subárea: Teatro ',Daniel Zanella dos Santos,Campus Brusque,Bolsa para estudante,Ensino Médio,1,0,1600,0
Edital Unificado nº 03/2022 – Campus Brusque,'Fomentar e apoiar o desenvolvimento de projetos de pesquisa, extensão, ensino, monitorias, integrados e de ação social, com a finalidade de fortalecer a articulação entre teoria e prática, a formação omnilateral e a integração curricular em seus diferentes aspectos.',Campus Brusque,01/05/2022 a 31/12/2022,'Proposta de elaboração do Plano de Gerenciamento de Resíduos dos
Laboratórios de Química do IFC – campus Brusque',Pesquisa,Área: Ciências Ambientais,Izaclaudia Santana das Neves,Campus Brusque,Bolsa para estudante,Ensino Médio,1,0,1600,0
Edital Unificado nº 03/2022 – Campus Brusque,'Fomentar e apoiar o desenvolvimento de projetos de pesquisa, extensão, ensino, monitorias, integrados e de ação social, com a finalidade de fortalecer a articulação entre teoria e prática, a formação omnilateral e a integração curricular em seus diferentes aspectos.',Campus Brusque,01/05/2022 a 31/12/2022,'Dos confins do Brasil: histórias, memórias e
vivências de diversos agrupamentos
humanos',Pesquisa,'Área: História do Brasil
Subárea: História Regional do Brasil ',Paulo Roberto de Souza,Campus Brusque,Bolsa para estudante,Ensino Médio,1,0,1600,0
Edital nº 04/2022 - GAB/CAMB - Edital de Apoio a Projetos de Pesquisa no Laboratório IFMaker,'Apoio a projetos de pesquisa a serem desenvolvidos no Laboratório IFMaker, por meio de crédito para bolsas aos estudantes de ensino superior e ensino médio e compra de
suprimentos, conforme disponibilidade orçamentária e financeira no exercício de 2022',Campus Camboriú,02/05/2022 a 30/12/2022,Desenvolvimento e prototipação de controladores MIDI de baixo custo baseados em arduinos com microcontroladores atmega32u4,Pesquisa,Ciências Exatas e da Terra - Sistemas de Informação,Daniel de Andrade Varela,Campus Camboriú,Bolsa para estudante,Ensino Médio,1,0,1600,0
Edital nº 04/2022 - GAB/CAMB - Edital de Apoio a Projetos de Pesquisa no Laboratório IFMaker,'Apoio a projetos de pesquisa a serem desenvolvidos no Laboratório IFMaker, por meio de crédito para bolsas aos estudantes de ensino superior e ensino médio e compra de
suprimentos, conforme disponibilidade orçamentária e financeira no exercício de 2022',Campus Camboriú,02/05/2022 a 30/12/2022,Jogos para todos brincarem: recursos pedagógicos adaptados e desenho universal na perspectiva da educação inclusiva,Pesquisa,Ciências Humanas - Educação,Degelane Cordova Duarte,Campus Camboriú,Bolsa para estudante e Auxílio Financeiro para custeio,Ensino Superior,1,0,3200,1000
Edital nº 04/2022 - GAB/CAMB - Edital de Apoio a Projetos de Pesquisa no Laboratório IFMaker,'Apoio a projetos de pesquisa a serem desenvolvidos no Laboratório IFMaker, por meio de crédito para bolsas aos estudantes de ensino superior e ensino médio e compra de
suprimentos, conforme disponibilidade orçamentária e financeira no exercício de 2022',Campus Camboriú,02/05/2022 a 30/12/2022,'Construção, calibração e validação de mesa de tensão',Pesquisa,Ciências Agrárias - Engenharia Agrícola,Fabricio da Silva Barboza,Campus Camboriú,Bolsa para estudante,Ensino Superior,1,0,3200,0
Edital nº 04/2022 - GAB/CAMB - Edital de Apoio a Projetos de Pesquisa no Laboratório IFMaker,'Apoio a projetos de pesquisa a serem desenvolvidos no Laboratório IFMaker, por meio de crédito para bolsas aos estudantes de ensino superior e ensino médio e compra de
suprimentos, conforme disponibilidade orçamentária e financeira no exercício de 2022',Campus Camboriú,02/05/2022 a 30/12/2022,Confecção cartográfica em 3D: mapas e estruturas táteis para deficientes visuais,Pesquisa,Ciências Humanas - Educação,Maria Amelia Pellizzetti,Campus Camboriú,Bolsa para estudante e Auxílio Financeiro para custeio,Ensino Médio,1,0,1600,1000
Edital nº 04/2022 - GAB/CAMB - Edital de Apoio a Projetos de Pesquisa no Laboratório IFMaker,'Apoio a projetos de pesquisa a serem desenvolvidos no Laboratório IFMaker, por meio de crédito para bolsas aos estudantes de ensino superior e ensino médio e compra de
suprimentos, conforme disponibilidade orçamentária e financeira no exercício de 2022',Campus Camboriú,02/05/2022 a 30/12/2022,Central de empresas utilizando Realidade Aumentada por meio de escaneamento de móveis pelo celular,Pesquisa,Ciências Exatas e da Terra - Sistemas de Informação,Rafael de Moura Speroni,Campus Camboriú,Bolsa para estudante,Ensino Médio,1,0,1600,0
Edital nº 03/2022 – GAB/CAMB – Edital de Demanda Permanente 2022 – Projetos de Pesquisa e Inovação,'Cadastrar, validar e registrar os Projetos de Pesquisa e Inovação, na modalidade de Demanda
Permanente, com estudante voluntário ou com envolvimento dos alunos em atividades de
iniciação científica e tecnológica, a serem desenvolvidos no IFC campus Camboriú, no ano
letivo de 2022',Sem fomento,Setembro a dezembro de 2022,Análise de cloreto na água do curso inferior do rio Camboriú,Pesquisa,Ciências Exatas e da Terra - Química,Adriano Martendal,Campus Camboriú,Não se aplica,Não se aplica,0,3,0,0
Edital nº 32/2021 – GAB/CAMB – Edital de Apoio a Projetos de Pesquisa,'Apoio aos projetos de Pesquisa por meio de crédito para despesas de custeio e bolsas aos estudantes de ensino superior e ensino médio, conforme disponibilidade orçamentária e financeira no exercício de 2022',Campus Camboriú,Abril a dezembro de 2022,Comparação entre diferentes métodos de propagação de Rami (Boehmeria nivea),Pesquisa,Ciências Agrárias - Zootecnia,Claudia Damo Bertoli,Campus Camboriú,Bolsa para estudante,Ensino Superior,1,0,3600,0
Edital nº 32/2021 – GAB/CAMB – Edital de Apoio a Projetos de Pesquisa,'Apoio aos projetos de Pesquisa por meio de crédito para despesas de custeio e bolsas aos estudantes de ensino superior e ensino médio, conforme disponibilidade orçamentária e financeira no exercício de 2022',Campus Camboriú,Abril a dezembro de 2022,Monitoramento e avaliação da qualidade do ar no IFC - Campus Camboriú,Pesquisa,Engenharias - Enhenharia Sanitária,Leticia Flohr,Campus Camboriú,Bolsa para estudante,Ensino Médio,1,3,1800,0
Edital nº 32/2021 – GAB/CAMB – Edital de Apoio a Projetos de Pesquisa,'Apoio aos projetos de Pesquisa por meio de crédito para despesas de custeio e bolsas aos estudantes de ensino superior e ensino médio, conforme disponibilidade orçamentária e financeira no exercício de 2022',Campus Camboriú,Abril a dezembro de 2022,Comparação entre dois sensores de temperatura automatizados de baixo custo para o registro de temperatura em tanques de piscicultura,Pesquisa,Ciências Agrárias - Zootecnia,Luís Ivan Martinhão Souto,Campus Camboriú,Bolsa para estudante,Ensino Superior,1,0,3600,0
Edital nº 32/2021 – GAB/CAMB – Edital de Apoio a Projetos de Pesquisa,'Apoio aos projetos de Pesquisa por meio de crédito para despesas de custeio e bolsas aos estudantes de ensino superior e ensino médio, conforme disponibilidade orçamentária e financeira no exercício de 2022',Campus Camboriú,Abril a dezembro de 2022,Comparação entre dois sistemas para a disposição de sensores de temperatura automatizados de baixo custo em tanques de piscicultura,Pesquisa,Ciências Agrárias - Zootecnia,Luís Ivan Martinhão Souto,Campus Camboriú,Bolsa para estudante,Ensino Superior,1,0,3600,0
Edital nº 32/2021 – GAB/CAMB – Edital de Apoio a Projetos de Pesquisa,'Apoio aos projetos de Pesquisa por meio de crédito para despesas de custeio e bolsas aos estudantes de ensino superior e ensino médio, conforme disponibilidade orçamentária e financeira no exercício de 2022',Campus Camboriú,Abril a dezembro de 2022,Mapeamento do campo da Tecnologia Assistiva em Políticas públicas de educação especial e/ou orientações sobre atendimento educacional especializado de municípios localizados na região da AMFRI,Pesquisa,Ciências Humanas - Educação,Magali Dias de Souza,Campus Camboriú,Bolsa para estudante,Ensino Superior,1,2,3600,0
Edital nº 32/2021 – GAB/CAMB – Edital de Apoio a Projetos de Pesquisa,'Apoio aos projetos de Pesquisa por meio de crédito para despesas de custeio e bolsas aos estudantes de ensino superior e ensino médio, conforme disponibilidade orçamentária e financeira no exercício de 2022',Campus Camboriú,Abril a dezembro de 2022,A produção do conhecimento no Instituto Federal Catarinense: mapeamento das atividades de pesquisa e extensão sobre o debate de gênero e étnico/racial,Pesquisa,Ciências Humanas - Geografia,Roberta Raquel,Campus Camboriú,Bolsa para estudante,Ensino Superior,1,2,3600,0
Edital nº 19/2021 – Campus Concórdia,'Compor o cadastro reserva de projetos de pesquisa do IFC campus Concórdia, seguindo ordem de classificação, em consonância com as diretrizes das atividades de pesquisa conforme resolução vigente no âmbito do IFC.',Campus Concórdia,01/03/2022 a 30/11/2022,Sensibilidade de fitopatógenos de interesse agrícola frente a extratos de pitanga,Pesquisa,'Área: Agronomia, Subárea: Fitossanidade',Alessandra Farias Millezi,Campus Concórdia,Bolsa para estudante,Ensino Superior,1,9,3600,0
Edital nº 19/2021 – Campus Concórdia,'Compor o cadastro reserva de projetos de pesquisa do IFC campus Concórdia, seguindo ordem de classificação, em consonância com as diretrizes das atividades de pesquisa conforme resolução vigente no âmbito do IFC.',Campus Concórdia,01/03/2022 a 30/11/2022,Topografia esplâncnica da cavidade torácica do Quati-de-cauda-anelada (Nasua nasua).,Pesquisa,Área: Medicina Veterinária,Ana Carolina Gonçalves Dos Reis,Campus Concórdia,Bolsa para estudante,Ensino Superior,1,1,3600,0
Edital nº 19/2021 – Campus Concórdia,'Compor o cadastro reserva de projetos de pesquisa do IFC campus Concórdia, seguindo ordem de classificação, em consonância com as diretrizes das atividades de pesquisa conforme resolução vigente no âmbito do IFC.',Campus Concórdia,01/03/2022 a 30/11/2022,Mensuração da pressão traqueal em cães como auxiliar no diagnóstico de colapso de traqueia,Pesquisa,Área: Medicina Veterinária/ Subárea: Clínica e Cirurgia Animal,Eduardo Negri Mueller,Campus Concórdia,Bolsa para estudante,Ensino Superior,1,1,3600,0
Edital nº 19/2021 – Campus Concórdia,'Compor o cadastro reserva de projetos de pesquisa do IFC campus Concórdia, seguindo ordem de classificação, em consonância com as diretrizes das atividades de pesquisa conforme resolução vigente no âmbito do IFC.',Campus Concórdia,01/03/2022 a 30/11/2022,Física com Arduino: o que dizem as pesquisas?,Pesquisa,Área: Educação/ Subárea: Ensino-Aprendizagem,Fábio Lombardo Evangelista,Campus Concórdia,Bolsa para estudante,Ensino Médio,2,6,3600,0
Edital nº 19/2021 – Campus Concórdia,'Compor o cadastro reserva de projetos de pesquisa do IFC campus Concórdia, seguindo ordem de classificação, em consonância com as diretrizes das atividades de pesquisa conforme resolução vigente no âmbito do IFC.',Campus Concórdia,01/03/2022 a 30/11/2022,Uso de iodeto de potássio a 1% no tratamento de vacas repetidoras de cio,Pesquisa,Área: Medicina Veterinária/ Subárea: Reprodução Animal,Lucio Pereira Rauber,Campus Concórdia,Bolsa para estudante,Ensino Superior,1,4,3600,0
Edital nº 19/2021 – Campus Concórdia,'Compor o cadastro reserva de projetos de pesquisa do IFC campus Concórdia, seguindo ordem de classificação, em consonância com as diretrizes das atividades de pesquisa conforme resolução vigente no âmbito do IFC.',Campus Concórdia,01/03/2022 a 30/11/2022,Aproveitamento máximo do potencial produtivo do leite de transição de bovinos para produção de derivados lácteos,Pesquisa,Área: Medicina Veterinária/ Subárea: Inspeção de Produtos de Origem Animal,Luisa Wolker Fava,Campus Concórdia,Bolsa para estudante,Ensino Superior,1,2,3600,0
Edital nº 19/2021 – Campus Concórdia,'Compor o cadastro reserva de projetos de pesquisa do IFC campus Concórdia, seguindo ordem de classificação, em consonância com as diretrizes das atividades de pesquisa conforme resolução vigente no âmbito do IFC.',Campus Concórdia,01/03/2022 a 30/11/2022,Mapeamento de Conjuntos de Dados contendo Ataques DDoS,Pesquisa,Ciência da Computação,Mateus Pelloso,Campus Concórdia,Bolsa para estudante,Ensino Médio,2,6,3600,0
Edital nº 19/2021 – Campus Concórdia,'Compor o cadastro reserva de projetos de pesquisa do IFC campus Concórdia, seguindo ordem de classificação, em consonância com as diretrizes das atividades de pesquisa conforme resolução vigente no âmbito do IFC.',Campus Concórdia,01/03/2022 a 30/11/2022,Sistema plantio direto de hortaliças: repolho em sucessão a plantas de cobertura de verão,Pesquisa,Área: Agronomia/ Subárea: Fitotecnia,Otavio Bagiotto Rossato,Campus Concórdia,Bolsa para estudante,Ensino Superior,2,1,5400,0
Edital nº 19/2021 – Campus Concórdia,'Compor o cadastro reserva de projetos de pesquisa do IFC campus Concórdia, seguindo ordem de classificação, em consonância com as diretrizes das atividades de pesquisa conforme resolução vigente no âmbito do IFC.',Campus Concórdia,01/03/2022 a 30/11/2022,Desenvolvimento socioeconômico dos municípios pertencentes à região geográfica integrada de Chapecó: Evolução 2000-2010,Pesquisa,Área: Matemática,Sheila Crisley De Assis,Campus Concórdia,Bolsa para estudante,Ensino Médio,2,1,3600,0
Edital nº 19/2021 – Campus Concórdia,'Compor o cadastro reserva de projetos de pesquisa do IFC campus Concórdia, seguindo ordem de classificação, em consonância com as diretrizes das atividades de pesquisa conforme resolução vigente no âmbito do IFC.',Campus Concórdia,01/03/2022 a 30/11/2022,Análise laboratorial da toxicidade de fármacos em cães sujeitos à quimioterapia,Pesquisa,Área: Medicina Veterinária/ Subárea: Clínica e Cirurgia Animal,Soraya Regina Sacco Surian,Campus Concórdia,Bolsa para estudante,Ensino Superior,1,0,3600,0
Edital nº 19/2021 – Campus Concórdia,'Compor o cadastro reserva de projetos de pesquisa do IFC campus Concórdia, seguindo ordem de classificação, em consonância com as diretrizes das atividades de pesquisa conforme resolução vigente no âmbito do IFC.',Campus Concórdia,01/03/2022 a 30/11/2022,Níveis séricos de Imunoglobulina G e ceruloplasmina em bovinos positivos para Leucose Enzoótica Bovina,Pesquisa,Área: Medicina Veterinária/ Subárea: Clínica e Cirurgia Animal,Soraya Regina Sacco Surian,Campus Concórdia,Bolsa para estudante,Ensino Superior,1,1,3600,0
Edital nº 19/2021 – Campus Concórdia,'Compor o cadastro reserva de projetos de pesquisa do IFC campus Concórdia, seguindo ordem de classificação, em consonância com as diretrizes das atividades de pesquisa conforme resolução vigente no âmbito do IFC.',Campus Concórdia,01/03/2022 a 30/11/2022,Avaliação da resistência de cultivares de soja ao oídio,Pesquisa,Área: Agronomia/ Subárea: Fitotossanidade,Volmir Kist,Campus Concórdia,Bolsa para estudante,Ensino Superior,2,2,5400,0
Edital nº 08/2021 DG/FRA – Campus Fraiburgo,Edital de apoio aos projetos de pesquisa - seleção de propostas de projetos de pesquisa para concessão de bolsas aos alunos regularmente matriculados nos cursos de ensino técnico e superior do IFC – Campus Fraiburgo,Campus Fraiburgo,02/03/2022 a 30/11/2022,Eles conhecem você melhor do que você mesmo! Uma investigação sobre a privacidade de metadados de usuários oferecida pelo WhatsApp.,Pesquisa,Grande Área: Ciência da Computação Subárea: Metodologia e Técnicas da Computação ,Marlon Cordeiro Domenech,Campus Fraiburgo,Bolsa para estudante,Ensino Médio,2,1,3600,0
Edital nº 08/2021 DG/FRA – Campus Fraiburgo,Edital de apoio aos projetos de pesquisa - seleção de propostas de projetos de pesquisa para concessão de bolsas aos alunos regularmente matriculados nos cursos de ensino técnico e superior do IFC – Campus Fraiburgo,Campus Fraiburgo,02/03/2022 a 30/11/2022,A política externa da direita tradicionalista: reorientações e rupturas em meio à crise do processo de globalização.,Pesquisa,Grande Área: Geografia Subárea: Geografia Humana,André Toreli Salatino,Campus Fraiburgo,Bolsa para estudante,Ensino Médio,2,0,3600,0
Edital nº 14/2021-IBI – Campus Ibirama,'Contribuir para o desenvolvimento técnico-científico e o aperfeiçoamento da formação e da qualificação profissionais, desenvolvendo habilidades investigativas e de construção do conhecimento, visando o desenvolvimento e o aprimoramento de uma postura crítica e inovadora.',Campus Ibirama,15/02 a 16/12/2022,Os Xokleng-Laklãnõ em Santa Catarina – séculos XVIII e XIX,Pesquisa,'CIÊNCIAS HUMANAS
História e História do Brasil',CARLOS EDUARDO BARTEL,Campus Ibirama,Bolsa para estudante,Ensino Médio,1,0,2000,0
Edital nº 14/2021-IBI – Campus Ibirama,'Contribuir para o desenvolvimento técnico-científico e o aperfeiçoamento da formação e da qualificação profissionais, desenvolvendo habilidades investigativas e de construção do conhecimento, visando o desenvolvimento e o aprimoramento de uma postura crítica e inovadora.',Campus Ibirama,15/02 a 16/12/2023,Estudo da utilização e reciclagem do Plástico e seus impactos na comunidade acadêmica do Campus Ibirama ,Pesquisa,'CIÊNCIAS BIOLÓGICAS
Ecologia e Ecologia Teórica',HERBERT SILVA MONTEIRO,Campus Ibirama,Bolsa para estudante,Ensino Médio,1,0,2000,0
Edital nº 14/2021-IBI – Campus Ibirama,'Contribuir para o desenvolvimento técnico-científico e o aperfeiçoamento da formação e da qualificação profissionais, desenvolvendo habilidades investigativas e de construção do conhecimento, visando o desenvolvimento e o aprimoramento de uma postura crítica e inovadora.',Campus Ibirama,15/02 a 16/12/2024,Análise de conteúdos matemáticos em livros didáticos do Ensino Médio sob a ótica da Teoria dos Registros de Representação Semiótica de Duval ,Pesquisa,'CIÊNCIAS EXATAS E DA TERRA
Matemática',EDUARDO BRANDL,Campus Ibirama,Bolsa para estudante,Ensino Médio,1,0,2000,0
Edital nº 14/2021-IBI – Campus Ibirama,'Contribuir para o desenvolvimento técnico-científico e o aperfeiçoamento da formação e da qualificação profissionais, desenvolvendo habilidades investigativas e de construção do conhecimento, visando o desenvolvimento e o aprimoramento de uma postura crítica e inovadora.',Campus Ibirama,15/02 a 16/12/2025,Resíduos de agrotóxicos em alimentos no Paraná: um estudo acerca do monitoramento do PARA/PR (2011-2020) ,Pesquisa,'CIÊNCIAS HUMANAS
Geografia e Geografia Humana - Geografia Agrária',SHAIANE CARLA GABOARDI,Campus Ibirama,Bolsa para estudante,Ensino Médio,1,0,2000,0
Edital nº 14/2021-IBI – Campus Ibirama,'Contribuir para o desenvolvimento técnico-científico e o aperfeiçoamento da formação e da qualificação profissionais, desenvolvendo habilidades investigativas e de construção do conhecimento, visando o desenvolvimento e o aprimoramento de uma postura crítica e inovadora.',Campus Ibirama,15/02 a 16/12/2026,“Como viver a melhor vida possível?” Felicidade em Aristóteles,Pesquisa,'CIÊNCIAS HUMANAS
Filosofia e Ética','JOSÉ DIMAS d''AVILA MACIEL MONTEIRO',Campus Ibirama,Bolsa para estudante,Ensino Médio,1,0,2000,0
Edital nº 14/2021-IBI – Campus Ibirama,'Contribuir para o desenvolvimento técnico-científico e o aperfeiçoamento da formação e da qualificação profissionais, desenvolvendo habilidades investigativas e de construção do conhecimento, visando o desenvolvimento e o aprimoramento de uma postura crítica e inovadora.',Campus Ibirama,15/02 a 16/12/2027,Modelagem de moda em aplicativos de dispositivos móveis ,Pesquisa,'CIÊNCIAS SOCIAIS APLICADAS
Desenho industrial e Desenho de Produto',ANA SILVIA DE LIMA VIELMO,Campus Ibirama,Bolsa para estudante,Ensino Superior,1,0,4000,0
Edital nº 09/2021 – Campus Luzerna,APOIO A PROJETOS DE PESQUISA DO IFC CAMPUS LUZERNA,Campus Luzerna,07/03/2022 a 30/11/2022,Estudo e melhoramento do Chassi de um Semirreboque na empresa BELTZ do Brasil,Pesquisa,'Engenharia, Engenharia Mecânica',David Roza José,Campus Luzerna,Bolsa para estudante,Ensino Superior,1,1,4500,0
Edital nº 09/2021 – Campus Luzerna,APOIO A PROJETOS DE PESQUISA DO IFC CAMPUS LUZERNA,Campus Luzerna,01/03/2022 a 30/11/2022,Implementação de um sistema ultrassônico de localização de minirrobôs,Pesquisa,'Engenharia, Processamento Digital de Sinais',Ricardo Kerschbaumer,Campus Luzerna,Bolsa para estudante,Ensino Superior,1,0,4500,0
Edital nº 09/2021 – Campus Luzerna,APOIO A PROJETOS DE PESQUISA DO IFC CAMPUS LUZERNA,Campus Luzerna,01/03/2022 a 30/11/2022,Pesquisa voltada a produção e caracterização do grafeno a partir de esfoliação mecânica em parceria com empresa do arranjo produtivo local,Pesquisa,'Engenharia, Engenharia Mecânica',Mario Wolfart Junior,Campus Luzerna,Bolsa para estudante,Ensino Superior,1,0,4500,0
Edital nº 07/2022 – Campus Luzerna,'SELEÇÃO DE PROJETOS DE ENSINO, PESQUISA E EXTENSÃO',Campus Luzerna,02/05/2022 a 30/11/2022,Estudo e implementação de protótipo de inversor de tensão com controle digital,Pesquisa,'Engenharias/Engenharia Elétrica/Eletrônica Industrial, Sistemas e Controles Eletrônicos',Tiago Dequigiovani,Campus Luzerna,Bolsa para estudante,Ensino Superior,1,0,3500,0
Edital nº 08/2022 – Campus Luzerna,DEMANDA PERMANENTE – PROJETOS DE PESQUISA E INOVAÇÃO IFC CAMPUS LUZERNA,Sem fomento,01/06/2022 a 16/12/2022,Conhecimentos de Educação Física no currículo integrado dos cursos técnicos em Segurança do Trabalho integrados ao ensino médio na Rede Federal de Educação Profissional e Tecnológica,Pesquisa,'Ciências Humanas, Educação, Currículo',Humberto Luis de Cesaro,Campus Luzerna,Não se Aplica,Não se Aplica,0,1,0,0
Edital nº 08/2022 – Campus Luzerna,DEMANDA PERMANENTE – PROJETOS DE PESQUISA E INOVAÇÃO IFC CAMPUS LUZERNA,Sem fomento,01/01/2022 a 31/08/2023,'Desenvolvimento e melhoria de processos de soldagem em uma empresa do segmento automotivo, utilizando-se metodologia Six Sigma ',Pesquisa,'Engenharias, Engenharia Mecânica, Processos de Fabricação',Aloysio Arthur Becker Fogliatto,Campus Luzerna,Não se Aplica,Não se Aplica,0,2,0,0
Edital nº 19/2021 – Campus Rio do Sul,'Selecionar propostas de projetos de pesquisa, conforme previsto no item 17.8 dos Editais no 63, 64, 65 e 66/2021 da PROPI-IFC, para contemplar com bolsas de Iniciação Científica na modalidade de Ensino Superior e Ensino Médio Técnico. ',Campus Rio do Sul ,'01 de outubro de 2022 a 30 de
setembro de 2023.',Alternativas de manejo da adubação no sistema de integração lavoura-pecuária em um cambissolo húmico,Pesquisa,Agronomia/Ciência do Solo ,André da Costa,Campus Rio do Sul,Bolsa para estudante,Ensino Médio e Ensino Superior,2,0,4800,3750
Edital nº 19/2021 – Campus Rio do Sul,'Selecionar propostas de projetos de pesquisa, conforme previsto no item 17.8 dos Editais no 63, 64, 65 e 66/2021 da PROPI-IFC, para contemplar com bolsas de Iniciação Científica na modalidade de Ensino Superior e Ensino Médio Técnico. ',Campus Rio do Sul ,'01 de outubro de 2022 a 30 de
setembro de 2023.',Avaliação agronômica de cultivares de videira com a utilização de superadores de dormência,Pesquisa,Agronomia /Fitotecnia,Claudio Keske,Campus Rio do Sul,Bolsa para estudante,Ensino Superior,1,3,4800,440
Edital nº 19/2021 – Campus Rio do Sul,'Selecionar propostas de projetos de pesquisa, conforme previsto no item 17.8 dos Editais no 63, 64, 65 e 66/2021 da PROPI-IFC, para contemplar com bolsas de Iniciação Científica na modalidade de Ensino Superior e Ensino Médio Técnico. ',Campus Rio do Sul ,'01 de outubro de 2022 a 30 de
setembro de 2023.]',Fenologia e Superação de Dormência de gemas em nogueira pecan com produtos alternativos no Alto Vale do Itajaí ,Pesquisa,Agronomia /Fitotecnia,Claudio Keske,Campus Rio do Sul,Bolsa para estudante,Ensino Superior,1,1,4800,500
Edital nº 19/2021 – Campus Rio do Sul,'Selecionar propostas de projetos de pesquisa, conforme previsto no item 17.8 dos Editais no 63, 64, 65 e 66/2021 da PROPI-IFC, para contemplar com bolsas de Iniciação Científica na modalidade de Ensino Superior e Ensino Médio Técnico. ',Campus Rio do Sul ,'01 de outubro de 2022 a 30 de
setembro de 2023.',Macropus4.0: Estação microcontrolada para materiais poliméricos aplicados na manufatura aditiva e indústria 4.0 ,Pesquisa,Engenharia Mecânica/Processos de Fabricação ,Renon Steinbach Carvalho,Campus Rio do Sul,Bolsa para estudante,Ensino Superior,1,2,4800,0
Edital nº 06/2022 Demanda permanente – Campus Santa Rosa do Sul,'Cadastrar, validar e registrar os Projetos de Pesquisa e Inovação, na modalidade de Demanda Permanente, com estudante voluntário e/ou com envolvimento dos alunos em atividades de iniciação científica e tecnológica, a serem desenvolvidos no Campus Santa Rosa do Sul do IFC no ano letivo de 2022.',Sem fomento,30/05/2022 a 20/12/2022,'Determinação da Evapotranspiração da Cultura para Aveia Ucraniana (Avena sativa) por meio de lisímetros de pesagem, submetida a níveis de irrigação e adubação nitrogenada',Pesquisa,Ciências Agrárias,GERALDO JOSE RODRIGUES,Campus Santa Rosa do Sul,Não se Aplica,Não se aplica,0,1,0,0
Edital nº 06/2022 Demanda permanente – Campus Santa Rosa do Sul,'Cadastrar, validar e registrar os Projetos de Pesquisa e Inovação, na modalidade de Demanda Permanente, com estudante voluntário e/ou com envolvimento dos alunos em atividades de iniciação científica e tecnológica, a serem desenvolvidos no Campus Santa Rosa do Sul do IFC no ano letivo de 2022.',Sem fomento,29/03/2022 a 02/09/2022,EXPERIMENTAÇÃO E ATIVIDADE EXTENSIONISTA EM CACTOS E SUCULENTAS,Pesquisa,Ciências Agrárias,MARCOS ANDRE NOHATTO,Campus Santa Rosa do Sul,Não se Aplica,Não se Aplica,0,6,0,0
Edital nº 11/2021 – SBS – Campus São Bento do Sul,'objetivo geral deste edital é o cadastramento e seleção de projetos de pesquisa no
IFC - Campus São Bento do Sul, seguindo ordem de classificação, para concessão de
bolsas a estudantes com vigência de 01 de março de 2022 a 31 de outubro de 2022.',Campus São Bento do Sul,01/03/2022 a 31/10/2022,DRONE COMO FERRAMENTA DE APRENDIZAGEM,Pesquisa,'Robótica, Mecatrônica e Automação',Airton Zancanaro,Campus São Bento do Sul,Bolsa para estudante,Ensino Superior,1,0,3200,0
Edital nº 11/2021 – SBS – Campus São Bento do Sul,'objetivo geral deste edital é o cadastramento e seleção de projetos de pesquisa no
IFC - Campus São Bento do Sul, seguindo ordem de classificação, para concessão de
bolsas a estudantes com vigência de 01 de março de 2022 a 31 de outubro de 2022.',Campus São Bento do Sul,01/03/2022 a 31/10/2023,Riscos ergonômicos e sintomas osteomusculares em docentes de uma Instituição Federal de Educação.,Pesquisa,Ciências da Saúde - Fisioterapia e Terapia Ocupacional,Bruno Maia de Guimarães,Campus São Bento do Sul,Bolsa para estudante,Ensino Médio,1,0,1600,0
Edital nº 11/2021 – SBS – Campus São Bento do Sul,'objetivo geral deste edital é o cadastramento e seleção de projetos de pesquisa no
IFC - Campus São Bento do Sul, seguindo ordem de classificação, para concessão de
bolsas a estudantes com vigência de 01 de março de 2022 a 31 de outubro de 2022.',Campus São Bento do Sul,01/03/2022 a 31/10/2024,Aplicação de Tópicos de Cálculo Numérico em problemas de Matemática Financeira e de Engenharia Econômica,Pesquisa,Matemática - Matemática Aplicada,Edgar Della Giustina,Campus São Bento do Sul,Bolsa para estudante,Ensino Superior,2,2,6400,0
Edital nº 11/2021 – SBS – Campus São Bento do Sul,'objetivo geral deste edital é o cadastramento e seleção de projetos de pesquisa no
IFC - Campus São Bento do Sul, seguindo ordem de classificação, para concessão de
bolsas a estudantes com vigência de 01 de março de 2022 a 31 de outubro de 2022.',Campus São Bento do Sul,01/03/2022 a 31/10/2025,'Nós: Criando Redes, Fortalecendo Laços',Pesquisa,Ciências Humanas - Educação,Nágila Cristina Hinckel,Campus São Bento do Sul,Bolsa para estudante,Ensino Médio,2,0,3200,0
Edital nº 11/2021 – SBS – Campus São Bento do Sul,'objetivo geral deste edital é o cadastramento e seleção de projetos de pesquisa no
IFC - Campus São Bento do Sul, seguindo ordem de classificação, para concessão de
bolsas a estudantes com vigência de 01 de março de 2022 a 31 de outubro de 2022.',Campus São Bento do Sul,01/03/2022 a 31/10/2026,Saberes Medicinais Indígenas,Pesquisa,Sociologia - Outras Sociologias Específicas,Rosana da Silva Cuba,Campus São Bento do Sul,Bolsa para estudante,Ensino Médio,1,0,1600,0
Edital nº 11/2021 – SBS – Campus São Bento do Sul,'objetivo geral deste edital é o cadastramento e seleção de projetos de pesquisa no
IFC - Campus São Bento do Sul, seguindo ordem de classificação, para concessão de
bolsas a estudantes com vigência de 01 de março de 2022 a 31 de outubro de 2022.',Campus São Bento do Sul,01/03/2022 a 31/10/2027,Desenvolvimento de dispositivo colorimétrico Arduino-RGB para monitoramento de processos de degradação de óleos vegetais comerciais ,Pesquisa,Química - Físico-Química ,Tiago Andrade Chimenez,Campus São Bento do Sul,Bolsa para estudante,Ensino Superior,2,0,6400,0
Edital nº 06/2022 – SBS – Campus São Bento do Sul,'Cadastrar, validar e registrar os Projetos de Pesquisa e Inovação, na modalidade de Demanda Permanente, com Estudante Voluntário e/ou com envolvimento dos alunos em atividades de iniciação científica e tecnológica, a serem desenvolvidos nos campi do IFC no ano letivo de 2022.',Sem fomento,03/07/2022 a 31/12/2022,ANALISANDO A QUALIDADE DE PADRÕES EM ELABORAÇÃO DE SENHAS,Pesquisa,Ciência da Computação - Sistemas de Computação,Regina Paiva Melo Marin,Campus São Bento do Sul,Não se aplica,Não se aplica,0,1,0,0
Edital nº 5 / 2021 – GAB/SFS – Campus São Francisco do Sul,'Apoiar a realização de projetos de pesquisa, por meio da concessão de bolsas a estudantes do Ensino Médio Técnico Integrado ou de Formação Inicial e Continuada da Educação de Jovens e Adultos e a estudantes do Ensino Superior, no Campus São Francisco do Sul.',Campus São Francisco do Sul,1/4 a 30/9,Desrotulando a química,Pesquisa,Ciência extas e de terra/ Química,Patrícia Devantier Neuenfeldt,Campus São Francisco do Sul,Bolsa para estudante,Ensino Médio,1,0,1200,0
Edital nº 5 / 2021 – GAB/SFS – Campus São Francisco do Sul,'Apoiar a realização de projetos de pesquisa, por meio da concessão de bolsas a estudantes do Ensino Médio Técnico Integrado ou de Formação Inicial e Continuada da Educação de Jovens e Adultos e a estudantes do Ensino Superior, no Campus São Francisco do Sul.',Campus São Francisco do Sul,1/7 a 30/11,Avaliação experimental dos ciclos de carga e descarga de baterias chumbo-ácido seladas,Pesquisa,Engenharia/ Engenharia elétrica,Alécio Comelli,Campus São Francisco do Sul,Bolsa para estudante,Ensino Médio,2,0,2000,0
Edital nº 5 / 2021 – GAB/SFS – Campus São Francisco do Sul,'Apoiar a realização de projetos de pesquisa, por meio da concessão de bolsas a estudantes do Ensino Médio Técnico Integrado ou de Formação Inicial e Continuada da Educação de Jovens e Adultos e a estudantes do Ensino Superior, no Campus São Francisco do Sul.',Campus São Francisco do Sul,1/7 a 30/11,Teoria das cordas: o que é e para que serve?,Pesquisa,Multidisciplinar,Diogo Amaral de Magalhães,Campus São Francisco do Sul,Bolsa para estudante,Ensino Médio,2,0,2000,0
Edital nº 5 / 2021 – GAB/SFS – Campus São Francisco do Sul,'Apoiar a realização de projetos de pesquisa, por meio da concessão de bolsas a estudantes do Ensino Médio Técnico Integrado ou de Formação Inicial e Continuada da Educação de Jovens e Adultos e a estudantes do Ensino Superior, no Campus São Francisco do Sul.',Campus São Francisco do Sul,1/7 a 30/11,Mapeamento de coleta de água de chuva para uso no IFC campus São Francisco do Sul,Pesquisa,Engenharia/ Engenharia elétrica,Eduardo Arceno,Campus São Francisco do Sul,Bolsa para estudante,Ensino Médio,2,0,2000,0
Edital nº 5 / 2021 – GAB/SFS – Campus São Francisco do Sul,'Apoiar a realização de projetos de pesquisa, por meio da concessão de bolsas a estudantes do Ensino Médio Técnico Integrado ou de Formação Inicial e Continuada da Educação de Jovens e Adultos e a estudantes do Ensino Superior, no Campus São Francisco do Sul.',Campus São Francisco do Sul,1/7 a 30/11,Comparativo entre modelos matemáticos e dados reais de sistemas dinâmicos e seu uso no projeto de sistemas de controle,Pesquisa,Engenharia/ Engenharia elétrica,Vitor Mateus Moraes,Campus São Francisco do Sul,Bolsa para estudante,Ensino Médio,2,0,2000,0
Edital nº 08/2021 - Demanda Permanente – Campus Sombrio,'Cadastrar, validar e registrar os Projetos de Pesquisa e Inovação, na modalidade de Demanda Permanente, com Estudante(s) Voluntário(s) em atividades de iniciação científica e tecnológica, a ser desenvolvido no IFC campus Avançado Sombrio no ano letivo de 2022.',Sem fomento,07/03 a 16/12/2022,Não houve nenhuma submissão ao edital,Pesquisa,-,-,Campus Sombrio,Não se Aplica,Não se aplica,0,0,0,0
Edital nº 08/2021 – Campus Videira,'Incentivo a pesquisa, iniciação científica e extensão',Campus Videira,01/03/2022 à 31/12/2022,'Perfil dos participantes do projeto piano para 
todos do Instituto Federal Catarinense - 
campus Videira ',pesquisa,Ciências Exatas e da Terra -Ciência da computação,Leila Lisiane Rossi,Campus Videira,Bolsa para estudante,Ensino Médio,1,1,2000,0
Edital nº 08/2021 – Campus Videira,'Incentivo a pesquisa, iniciação científica e extensão',Campus Videira,01/03/2022 à 31/12/2022,Produção de Azevém e Aveia preta e qualidade do solo adubados com cama de confinamento Compost barn,pesquisa,Ciências Agrárias- Zootecnia ,Andressa Fernanda Campos,Campus Videira,Bolsa para estudante,Ensino Superior,1,0,4000,0
Edital nº 08/2021 – Campus Videira,'Incentivo a pesquisa, iniciação científica e extensão',Campus Videira,01/03/2022 à 31/12/2022,Proposta de abordagem computacional para o pré-diagnóstico da COVID-19 em imagens de RX e TC utilizando aprendizado por reforço profundo,pesquisa,Ciências Exatas e da Terra -Ciência da computação,Manasses Ribeiro,Campus Videira,Bolsa para estudante,Ensino Superior,1,0,4000,0
Edital nº 08/2021 – Campus Videira,'Incentivo a pesquisa, iniciação científica e extensão',Campus Videira,01/03/2022 à 31/12/2022,Desenvolvimento de CMS para loja online,pesquisa,Ciências Exatas e da Terra -Ciência da computação,Fabio Jose Rodrigues Pinheiro,Campus Videira,Bolsa para estudante,Ensino Superior,1,0,3200,0
Edital nº 08/2021 – Campus Videira,'Incentivo a pesquisa, iniciação científica e extensão',Campus Videira,01/03/2022 à 31/12/2022,Análise do teor de clorofila em folhas de erva-mate sombreada e não sombreada antes e após seu processamento e a sua relação com a cor e amargor do chimarrão oriundo do processo de cancheamento. ,pesquisa,Ciências Agrárias - Agronomia,Alan Schreiner Padilha ,Campus Videira,Bolsa para estudante,Ensino Superior,1,0,4000,0
Edital nº 08/2021 – Campus Videira,'Incentivo a pesquisa, iniciação científica e extensão',Campus Videira,01/03/2022 à 31/12/2022,'Rock, sociedade e crítica social: reflexões sociológicas a partir do rock brasileiro dos anos 1980 e 1990',pesquisa,Ciências Humanas -Sociologia,Marcos Roberto Mesquita,Campus Videira,Bolsa para estudante,Ensino Superior,1,0,4000,0
Edital nº 08/2021 – Campus Videira,'Incentivo a pesquisa, iniciação científica e extensão',Campus Videira,01/03/2022 à 31/12/2022,Educação Infantil e tecnologia: uma análise da produção científica ,pesquisa,Ciências Humanas- Educação,Valdinei Marcolla,Campus Videira,Bolsa para estudante,Ensino Superior,1,0,4000,0
Edital nº 08/2021 – Campus Videira,'Incentivo a pesquisa, iniciação científica e extensão',Campus Videira,01/03/2022 à 31/12/2022,Gestão da Diversidade nas entidades públicas no Brasil: levantamento de cartilhas,pesquisa,Ciências Humanas -Psicologia ,Eliana Teresinha Quartiero,Campus Videira,Bolsa para estudante,Ensino Superior,1,0,4000,0
Edital nº 06/2021 – Demanda Permanente 2021/2022 – Campus Videira,'Validar e registrar os Projetos de Pesquisa e Inovação, na modalidade de Demanda Permanente, com Estudante Voluntário e/ou com envolvimento dos alunos em atividades de iniciação científica e tecnológica',Sem fomento,01/01/2022 à 31/12/2022,Autenticidade e educação no multiculturalismo de Charles Taylor,pesquisa,Ciências Humanas -Filosofia,Marcos Rohling,Campus Videira,Não se aplica,Não se aplica,0,3,0,0
,,,,,,,,,,,149,117,435600,106662
